amount,freq_24h,distance_km,is_new_device
232.93112825797976,4,3.302503962436906,0
462.86820466723657,2,6.684799390123954,0
511.6417436892,3,0.179749386557771,1
519.4155098696081,4,0.4430196733423927,0
393.9484763255118,1,6.908053472419113,0
456.0656224324976,1,11.274584490295103,0
324.87634932304854,3,0.21466629153440706,0
480.9408935226096,2,1.8796377264691988,0
959.77962472385,1,15.78514434475004,0
384.62162609537023,4,9.679168719178845,0
568.2303949633288,4,1.7658942500081025,0
562.1815131196009,1,5.52852195130109,0
632.4261349042093,2,6.508650507257196,0
10618.223650693719,40,1904.890633220446,1
530.7450211891056,4,7.156265334138119,0
564.8332704976884,3,0.2683641914791203,0
881.8833280940261,1,1.6427795745700968,1
647.6933159990821,2,3.2825736051908034,0
502.0466122039174,4,10.307232165577965,0
314.61390568438344,2,4.430861412658695,0
413.4883624360758,3,11.15240552814668,0
375.46009603588124,2,6.959049439136748,0
540.6927271734446,3,7.766406717068507,0
596.4944830486371,1,6.481568428056429,0
369.6799304788366,4,3.4483230812980477,0
815.4906559526949,3,9.248380685685145,0
521.8789589209786,2,6.259388080847127,0
501.04873994363663,3,11.829928230155833,0
277.8848309068343,4,9.744254161289728,0
345.3980432289067,1,10.583925255399171,0
9371.91370240691,42,470.85008781079546,1
396.54230997992556,4,1.63391574588316,0
761.0957614308659,4,5.450091904163448,0
509.6169893322764,3,11.659811810955894,0
642.5996860344776,4,2.3464425212038993,0
755.5353643797018,4,0.43577012666828674,0
178.50335308775448,2,1.0999332594693239,0
992.6484224970573,1,4.89966252744019,0
391.315045773247,3,2.1016300809552897,0
395.4279945693463,2,1.745088792524603,0
375.03628446086424,4,1.0822291355506095,0
644.334412808647,2,4.3637471492504165,0
662.7034434739339,3,4.745872402761159,0
260.4244214822303,2,3.1865492202196304,0
467.74285766679816,2,0.5178974559716975,0
341.42543354753116,1,5.2655316276775075,0
474.41648170384667,1,13.92774722954687,0
321.07853955609926,2,4.92542496042651,0
356.3111557495128,1,14.56598463699748,0
393.8262454159359,2,0.37240993627832486,0
597.8749122455836,1,6.1138393618473055,0
539.811939114694,3,8.113712886243968,0
92.3750929644292,1,2.4266936874952982,0
788.254657813223,3,14.123980180792614,1
539.3722471738247,4,2.690590132204877,1
384.836351871064,4,1.2885427165339245,0
449.00455651582894,2,9.341184497486841,0
493.4610503811814,2,3.0741315921204126,1
490.1072580695134,2,3.343519918938111,0
541.772719000951,4,6.614051614296391,0
568.7236579136923,4,1.3800948092514966,0
404.16515243094204,1,1.9628129750685221,0
621.2019902691279,1,5.828157192596624,0
615.3113926111532,4,1.195376300823429,0
10.0,1,0.6104596365140864,0
717.7901193934732,1,4.337309835440721,0
432.8430601419744,3,5.521733194204588,0
938.0911251619957,2,19.55270286358609,0
615.414425436108,2,12.019038653921694,0
664.6341167923829,4,0.36827395253618056,0
395.09594674404525,3,4.5948988053763165,0
650.3866065373549,2,5.162778167818544,0
397.9967202290506,1,8.112253047128231,0
818.6373253278794,2,0.2624457374752228,0
452.21039062671804,3,1.6530953880365957,0
735.8880241442574,2,2.520660979608902,0
250.4433636070301,2,0.12244595635265158,0
666.7844309097808,4,1.135902764541932,0
117.34395106844045,4,20.576490388284764,0
405.79233887633546,1,0.42629372734834137,0
16938.895807152534,44,218.51209268424566,0
624.5699864694998,3,0.7582529519025276,0
710.6305706665808,2,8.787338709486766,0
954.1385715608792,1,3.2892965131437553,0
795.9888277780051,3,3.0842491240149776,0
568.3511951554319,2,16.68782581026049,1
334.20099781558554,2,7.123061267985805,0
588.852662297208,1,11.040787202685333,0
425.0358384900805,1,2.815240067989305,0
17385.664273410002,26,1879.7691579667512,1
10268.290810231712,49,1871.5350118077092,1
340.62094890590464,1,0.4927923153723075,0
453.0825733249706,2,2.1516322533344003,1
571.4225143023493,1,5.062214460021356,1
336.6128658025528,3,0.0006735103820133685,0
788.3137241315801,4,4.568701287718527,0
784.100849597971,3,3.471982483856968,0
421.33223753452785,2,0.23992496180626088,0
810.2303951045046,2,3.5180766404091806,0
580.9963421921912,4,32.027364403170715,0
348.9234135293355,3,4.078934248270577,1
215.05036275730862,4,8.409243883383578,0
102.48621707982142,3,5.384556178581311,1
274.9021905403247,3,2.73942092760732,0
86.51157999202468,1,2.214263980932781,0
427.4322879120682,2,0.044513988361426185,0
412.053788345165,3,0.09650584682792922,0
5009.800861419493,42,997.0366457787275,0
866.2917531708707,2,7.995313597255331,0
505.21821004216673,1,0.29687978904190404,0
559.2240554129152,4,6.687680215078304,0
714.7263499719544,1,16.63208476084358,0
637.2520380749027,4,3.278995809468057,0
828.9935427002567,1,3.5939124064427475,0
385.2675986239527,4,0.2236223312795628,0
363.99505568430186,2,3.0859285392605713,0
224.46612640858177,2,0.8060580416755946,0
679.9199750866501,1,1.4183094814786363,0
13568.90704905646,18,771.5894604636592,1
686.2560238232397,4,3.0291381554346426,0
8307.563951534707,25,1320.8411737096353,1
565.2266044484236,4,0.3720656488813726,0
332.1564953554723,3,9.300954436999046,0
218.3077407272881,1,22.12925154682265,0
295.122471733142,3,2.0361680204431747,0
566.2526862807129,2,3.349508678149231,0
755.532979157685,2,0.3235097575531596,0
333.80997671779244,1,6.485395260823416,0
212.82756976411213,2,1.5007760910029715,0
701.2585618428881,2,26.94944054430042,0
539.1690510195363,2,2.467236648458109,0
369.63277843956814,2,1.3689627001715945,0
513.5056409375848,1,28.564399433999675,0
159.48327915243192,1,3.897967484469401,0
550.0985700691754,4,1.453372862073077,1
551.2059468627751,4,3.901208940447564,0
390.6282117519216,1,0.6562602194234074,0
683.5723894109552,3,5.144011549014362,1
396.79105435652525,4,9.619440954463931,0
449.48636972136796,1,0.13272977607334807,0
438.44435300939983,2,0.5373269137189676,0
665.4366498072047,2,5.837968155484062,0
634.9638984333208,4,0.40414898287162665,0
690.8003526986405,2,4.495255143393083,0
690.08476763721,1,3.7046503885106787,0
702.874013003626,4,2.9030346577253274,1
388.96009466136036,4,5.488844425837361,0
725.3130059095515,3,11.63712057990887,0
437.9466486813088,3,13.809032264595595,0
536.6684011476704,1,3.1174654888553146,0
618.1309661384619,4,3.671615900233151,0
582.6869806447402,2,2.117303887116328,0
671.2797588646945,1,4.785374185823828,0
879.3585965307896,2,3.524608069197645,0
464.6105545011901,1,5.114872309857724,0
492.088969228669,2,7.230811982512932,0
210.38313170053516,1,3.314994092074675,0
10.0,3,2.809990043020031,0
588.7638856292457,3,2.421185851424566,1
648.652818804543,4,1.8841456774526313,0
396.3459563452705,4,0.344886003909527,1
285.8215003877775,1,1.4163183367893346,0
537.3533528954157,1,16.968733912148302,0
372.52257453869646,1,1.7802733813930103,0
485.5979756839332,1,7.68597100947232,0
240.9842455872768,3,14.212971527639205,1
275.07158163242616,2,2.9019809744493594,0
575.4600986089704,4,13.42316171793108,0
108.0659752240449,2,7.333291630850959,0
490.8827967289004,2,0.26887670368048905,0
629.0968362282151,1,6.752784231555521,0
544.4267543267425,4,10.747807940351615,0
223.4400538071328,1,6.733524748315729,0
446.11863311108846,2,6.574456468802962,0
693.7289981065778,1,6.299601899914633,0
608.5120087171929,4,0.29961950051907926,0
486.84994778540243,2,6.242167656343332,0
60.23880867598359,4,15.056535441884396,0
196.96178756028957,1,5.148443838751175,0
651.7938440986535,1,5.947361343779222,0
873.1549022289513,2,5.337920953421046,0
347.34816869149665,4,1.7827969781233706,0
392.0480639381277,2,1.7012348244930584,0
557.9549713792826,2,4.9889622984546325,0
812.9287311628012,2,1.4696452012448886,0
364.61559993880826,2,3.34572812055584,0
755.6903725214597,2,6.137512127966616,0
125.84161579482884,3,5.280987154596442,0
274.05862906847636,2,0.32878116076265756,1
435.72283166940133,4,3.7052932239272174,0
85.3219535183701,3,1.8286757394049724,0
278.69481825166594,4,3.8174992294642345,0
502.6003783755814,3,10.330570375537263,0
728.5645629030041,4,7.450142791704588,0
447.06863335240877,2,7.159001897927629,0
571.4030971930094,4,1.6577314679743202,1
480.78802005507004,3,3.2269881452178977,0
485.9668577082706,1,2.4432052140118796,1
320.3170657303284,4,7.871667216087371,0
594.2936714271991,3,8.607389054325331,0
706.1999044991902,1,3.9699173850084724,0
338.30127942136244,2,3.653290209946091,0
594.5194964826086,4,4.033948211457837,0
229.66307887673327,4,2.935328367214515,0
374.60658844244654,3,6.403247667618976,0
594.7184861270363,4,13.16125753212103,1
301.89273497386233,2,4.6050290223474,0
533.2904416426112,2,0.3414469028677538,0
667.1384224130284,4,3.684927860044089,0
423.0888911540349,1,4.371029696097835,1
161.5070740570361,4,2.4212339807468024,0
357.43084346456715,1,6.531384192807291,0
450.49627288969907,3,14.415777731750818,0
577.0634759457673,1,4.039721675980882,0
512.8560038190925,3,4.1218016030144025,0
445.45528605046593,1,5.054326549630213,0
700.7065795784049,1,11.132042581618734,0
496.297372801522,4,3.592352109670177,0
674.4641273441357,2,0.33713793909555256,0
556.1983735470066,2,0.7271759976393737,0
334.5538112895354,2,0.26677486754224666,0
468.01229400731455,4,5.263036671570292,0
477.0527117066202,3,2.900869559489516,0
642.8000988184184,3,0.5222385485554638,0
687.1356786294922,1,2.8192443534990463,0
869.3273992095332,1,3.0596759852499944,0
336.3558633533055,3,19.89538089420841,0
348.72985094313935,4,5.467898419608366,0
720.6603764033043,2,0.8719153692556543,0
629.5377076201385,3,1.2169748099916533,0
810.1000985628154,2,7.264648628462066,0
391.01618263821007,1,0.19888360387391568,0
336.8379430069124,3,4.462232522850162,0
493.0630225226438,4,7.325016738640082,0
353.9266736565727,4,8.173496550579964,1
427.806766836184,1,2.1223028808697,0
472.3471397657631,2,5.1197460219874635,0
155.01643349739345,4,1.3667930847857352,0
790.2287215590084,1,3.000464482161465,0
685.2355095063283,3,12.50985015581939,0
795.0712433899105,1,3.1022311983444286,1
338.3403429289697,3,3.8685529300196024,0
509.4797342632828,1,7.91345117931367,0
18811.09475513953,40,493.02378057121285,1
604.3883131233795,2,9.370740639905378,1
625.669101852856,4,4.689197140188667,0
837.4283270145129,2,4.109912439431902,0
407.5449422589915,4,9.385569055162966,0
558.6144946597362,2,6.518794009673784,0
434.46757068044633,4,0.3696146343450604,0
456.1798942382271,1,5.027031123587008,0
418.3849253956897,3,0.5503289673916542,0
356.9392581480064,1,4.625240663537059,0
751.1512251147042,4,3.571164541230529,0
497.3005550524132,4,1.082220910307068,0
349.2527671285021,3,6.598818093235882,0
538.2198136039807,4,0.32370402329413395,0
389.55539114380576,3,0.3784791202912624,0
706.4930521102294,4,5.055443978899272,0
283.690399277121,2,5.554421087100344,0
216.92585158991716,2,7.450580998658252,0
18060.035511882765,23,669.8873472227265,0
629.0751899170295,4,2.7886226567511265,1
569.2896418993952,4,7.033341104115277,0
523.1349268585717,4,17.075459615250438,0
869.3414651472067,2,8.644903569908596,0
370.97604907897517,1,7.7300481522784885,0
654.1730387773933,4,3.1979690828360434,0
915.0801597290878,2,4.478730653297564,0
12021.03581351435,30,643.9855084497317,1
753.3822298373245,2,2.6373577558486443,0
567.6992814988828,3,1.6204462705167058,0
196.1260068091973,2,7.700763173715464,0
7280.728511367377,21,534.3195296093342,1
684.8054038413802,4,1.8641486276414165,0
562.8494665190548,4,1.806823529705549,0
126.54696148165038,3,4.436114946889184,0
509.3961187529484,3,1.6210697978523219,0
361.6183860237511,4,2.308695422260187,0
771.2480057141646,4,3.075810804584616,0
716.6102486350554,2,2.293860706448017,0
937.9605866435345,1,11.996592748268405,0
594.7665841823575,3,0.9766009881197293,0
450.85138718281115,2,0.05091426876271543,0
719.755370397438,1,2.133520277972683,0
327.2018460640368,1,0.09085323207082231,0
244.0846066528597,1,1.5010335452106864,0
188.67416529521927,1,3.0256963623264688,0
639.2412729626836,2,6.436283964535804,0
379.65867755412063,3,10.884355299060237,0
302.07903594828383,2,0.30684946790983153,0
630.0402355917322,4,3.4697489699417523,0
10967.985545261407,20,300.0899390248291,1
455.8060800933554,2,5.797024320124432,0
574.2291746742618,4,8.838851597612024,0
749.2170384995259,4,1.6105475999006464,0
870.4556369017876,1,2.987227648963911,0
565.3854747528326,3,3.5287924442783862,0
642.322975617778,4,0.8249881312515189,0
517.31795749458,2,4.240501685324601,0
624.823963410431,2,17.878705654540575,0
401.39981306823347,1,15.688163929801622,0
543.8300655327878,1,2.23326333782404,0
215.54925808046517,2,1.5074640664863508,0
598.6635801761779,3,10.614450001233983,0
468.39842028420213,3,2.302667240593697,0
790.7068154314634,2,5.057010774374272,0
731.8659606728496,2,0.8388975176259995,0
674.4914656560289,4,15.709552562720573,0
806.5477826005156,3,1.1242486684293702,0
622.833340008685,4,0.3609245253477216,0
513.7125949612055,2,0.6853783099019248,1
618.6202515936768,3,5.0654169149841,0
6305.258274541831,42,699.4364235049172,1
626.7838044636022,2,0.30167513037528804,0
599.3428306022465,4,0.5583725029919596,0
633.9345097660077,3,2.0414057023216685,0
381.685722232834,3,11.845625590727419,0
509.2873096312298,2,9.142277821073932,0
443.64307822789857,4,6.694564392173502,0
397.756864713763,1,1.4893841161123782,0
450.9223767994259,2,9.184925352389019,0
1270.5462981309443,3,2.9765703025518473,0
557.8337287815637,2,0.5882795243903626,0
489.14102669643756,4,4.741145219464216,0
489.9523781101726,2,8.842011858024538,1
683.0804235404148,4,6.686259595713725,0
473.97138912646307,3,2.7132442614864805,0
673.1510388340243,1,1.9889190766618263,0
204.28275084403168,3,0.23361742001170605,0
754.3110189988317,3,1.919987120715736,0
771.1275717609901,2,0.6042797243533146,0
862.4897115993858,2,3.8112713153296625,0
519.2241553881967,1,2.8915073097373822,0
537.3218246312716,4,2.8441933627164815,0
833.0948888925153,1,8.968305238542268,0
518.3521553071005,4,5.069538156672787,1
148.25210271537713,3,6.35329922373547,0
516.4567978550848,4,2.2214106120466734,0
537.2908629538855,4,7.683190946985041,0
598.3838343013011,3,4.308934204698224,0
402.5749232470608,3,7.011344458060847,0
109.58244009549963,2,7.251773494836926,0
664.5089824206378,1,2.67328467310067,0
631.7088545345661,2,3.235489429947621,0
535.5402001866507,2,19.813261065714855,0
486.7840402705367,2,1.0248618804199439,0
397.2266165326613,4,8.742873866424489,0
851.0681684886408,1,5.034788547467604,1
410.8994957198456,1,30.644114969520434,0
696.8644796953167,2,4.754464121564652,0
928.7888178650651,4,0.40094593731684564,0
575.1396036691344,2,3.743737779397671,0
513.9604169980038,4,3.2982609877689626,0
436.9461510719309,3,2.6604322157516864,0
144.25595021914427,4,6.057652560462551,0
529.3427372866646,3,6.904449639590402,0
428.1415818425881,3,4.020404515374513,0
815.8425631014783,4,0.3165610447526569,0
495.8196812071704,1,3.342967460518684,0
298.3827378165192,1,3.343903043343766,0
643.5084511591924,1,1.0376549707763458,0
169.02866562684613,4,6.955088448640369,0
539.616952153571,4,3.327664871115796,0
294.69694011778796,4,0.46765120906180757,0
266.2643924760936,1,4.772728142397403,0
308.89191187991486,3,10.247646330481997,0
813.1048058468681,1,0.913326611856045,0
18906.85672796674,28,1300.6345002061896,1
525.8442363950455,4,11.908736913559572,0
609.4194762340076,1,0.7497289952322251,1
902.04090775327,4,1.2811043548639431,0
493.0576460589513,1,0.6470504452855058,0
564.8167938789591,4,8.085765789807736,0
253.82713671320894,3,14.330176918900978,0
641.6712894598706,1,7.612262880572404,0
442.26827221597233,3,8.209898941840661,0
304.48895104028975,1,0.5075866076325476,0
918.477455137092,2,1.482134737918257,0
519.8664610858452,1,1.3846591744415069,0
564.5437120676179,3,3.07389747566115,0
380.12499540924546,4,9.73082490256681,0
542.2034934405236,3,16.623599942560745,0
395.4553958961921,2,4.654221230029178,0
5456.955294634402,11,1394.342469044214,1
461.9322643832784,3,2.745653493256675,0
658.3325387925872,1,3.1174758408616094,0
543.291717916395,1,1.5723259306312465,0
381.52121515222615,1,8.171388835882192,0
544.7575903277797,2,3.496670911016173,0
516.3748278772645,3,7.904187440553979,0
519.5352197097664,3,10.51171200632744,0
566.891357997405,3,1.9393223202862477,0
318.4872675916804,3,10.308158987072083,0
549.876736742151,4,1.5762481924437801,0
741.3017933016713,2,1.9105996627694828,0
552.2110544359779,3,2.178988178668496,0
651.3977233290703,4,2.5293151328733416,0
407.31646143750754,4,26.359659883683328,0
534.2736562379941,3,0.09689419733223151,0
546.4507394322007,4,9.225755435367258,0
826.4822607863271,4,8.909948060695697,0
603.007053441732,4,10.463678060883195,0
213.97172440787347,1,1.5946310321501753,0
415.8031038359474,3,4.6708681438264446,0
805.9100638921227,2,3.0462044288539465,0
16541.733411230707,44,1562.6866064575258,1
542.7959821468444,1,5.637799722553777,0
343.3493415327526,3,2.8288461335936548,1
517.4094136476342,3,11.601810465201861,0
662.5724237677921,2,1.4353859428180331,0
410.71327708989435,2,12.036570365805982,1
621.5793019433079,2,11.122204538520142,0
461.5278070437755,1,2.405845779146629,0
670.4866669592448,2,7.770369982367988,0
546.4099874715273,3,3.065220603033512,0
536.373251011699,2,1.091387752228215,0
271.40594043387534,4,6.84686730676522,0
614.1781021386334,3,6.401946856224549,0
554.0913651559678,4,1.8174268069886148,0
548.7374422983825,2,0.35033346359758155,0
638.0287983422224,2,2.003993052358571,0
462.62567116772817,1,13.044369797823878,0
422.9835439167367,1,16.041737750956166,0
399.6485912830927,1,0.8135888687831074,0
640.0619758817983,4,4.846618216599771,0
292.55076913470873,1,0.5867189981337926,0
243.9141295007434,2,0.7573304104734127,0
304.24725684353854,4,3.594045504940313,0
815.9144291461425,2,8.81496508219185,0
415.8709354469282,4,5.414245088142517,0
303.6982697904098,4,9.223699354910641,0
600.9974557960915,4,0.7976319211344142,0
654.9268106858674,2,4.241668481050225,0
664.412031998898,2,1.2008850417502643,0
16253.986459082635,36,1883.8721243494924,1
592.4206948526542,2,1.0295975634528098,0
716.1561451109244,2,1.6828460953003797,0
453.8130939582644,1,10.345420566187718,0
710.7604104069806,3,1.9795417215167819,0
534.1730876255883,4,10.96433567784054,0
346.44048697917435,1,7.000504618021271,0
297.57912494796653,1,2.714573320919404,0
485.43421746862543,3,8.048964094508742,1
189.86731378677348,2,5.342529453740248,0
305.06366595453574,3,13.853996940037163,0
598.4902528016298,1,2.1448499864969035,0
494.69722491015665,1,1.7509428265181268,0
379.872262016239,4,2.776355806583479,0
9285.613514913355,49,677.8935333723302,1
404.46851064697665,1,1.236341184337153,0
459.39092279140147,1,5.531210553440255,0
393.8997704778945,2,9.680595255090651,0
231.10989779314457,3,8.983194682467005,0
166.11894377572565,1,3.1627818833014096,0
1115.7761616910475,1,1.8116430595060464,0
19993.365548756577,17,1671.334125150997,0
825.7231091142584,2,3.8912791714955026,1
438.1575248297571,2,0.5161615804331191,0
75.22085513803864,1,5.346919715654812,1
585.9236438265172,3,3.3895737270445454,0
487.46418054536565,4,1.3713560915406764,0
356.0311583210583,3,3.831925226324291,0
217.53925973294173,1,5.890897349640917,0
354.8512373693069,2,1.5752505335258449,0
341.90510891093766,3,15.51219196899078,0
452.6362786519982,2,4.8325195944629264,0
39.61576705288303,3,1.6374956968937364,0
193.17716585287553,1,4.776431677739809,1
603.5318040938246,3,2.096156992084949,0
398.61136492577407,4,3.9212515030869195,0
15091.469216187,43,1471.243092599472,1
596.2018463473427,1,1.8507749491469943,0
10.0,2,9.190218630952891,0
547.1229116217132,1,2.2459338035474525,0
548.9933142217445,4,6.152184503012271,0
637.2102919996878,2,4.102127208569378,0
651.0782451651512,3,6.081677500220933,0
8113.114043085552,41,1942.5374866113202,1
11874.853918813631,10,870.5160767962386,1
480.6573776259215,3,2.4242197239737098,0
394.04795924659226,2,5.700731733357541,0
402.9272904341793,3,2.1963480586487476,0
298.7965237000596,2,5.309106299150158,1
540.5846041702599,4,1.749848046900245,1
288.1572956222097,3,0.5303453804904421,0
10.0,2,12.225754297699062,1
421.5783693735685,1,0.06091190004897985,0
524.0591263423797,4,11.221095570920664,0
257.16227744245356,4,1.1038420756713982,0
8745.034291103453,24,811.9493548278467,1
674.2249406863384,2,6.063954062764889,0
287.53925725477905,3,2.0644694615775414,0
554.3157674390746,1,10.033824089565735,0
557.173078144981,3,11.82821034121445,0
354.57256483502624,1,10.481538129752245,1
157.3730941818245,2,3.807439187276906,0
740.242784432789,3,3.5909279845120694,0
474.8426159800704,4,4.62912334064396,0
800.7985977165376,4,5.896284320513487,0
809.5010402660123,3,1.649500892277558,0
16408.634636829236,32,1391.4445387466208,1
485.11081684676657,1,0.42872453728468046,0
387.1842738526543,4,0.24692827225770997,0
450.19279208872433,1,1.8214527509449105,0
732.6327504309919,4,2.807585082092952,1
218.66778063035554,1,4.343072618112863,0
385.85074125010476,3,7.9119244509880895,0
199.37140937637878,2,4.502834892867231,0
671.5319246404039,1,2.6531483587842204,0
476.8703435223519,1,1.5042635201091314,0
285.98304673476946,3,1.1715452962629789,0
327.91732694320956,3,0.17642771747663252,1
599.59965824909,2,1.364270832034604,1
551.5100781445528,4,0.10583709225807564,0
524.4019629290723,4,2.513772608450984,0
459.5614695132212,1,3.8009314053110494,0
687.6567611951996,4,0.5785371390988225,0
708.8321754138144,2,1.3849088294575522,0
761.4285508564856,1,0.6477046900247617,0
601.4548062214595,2,1.5832163455430326,0
406.16486957905903,1,12.330821063064828,0
505.7489645869635,4,1.6159905495488984,0
339.54454615567624,1,0.9564644072751095,0
300.3291918522418,4,9.351463373394024,0
283.78733448002055,4,0.1288857719833833,0
780.5588621872198,2,17.28705764876777,0
723.9149822869153,1,5.2944987304611,0
595.7959651492783,4,0.18706282919097914,0
669.920419404205,2,0.29373513412418734,0
344.3390549195375,2,16.238368329798273,0
210.39721991675123,2,7.157249288783703,0
431.46248118393027,2,7.779134079251586,0
16888.92219813702,17,818.0960639197596,1
488.89046022067623,2,3.185421433947308,0
299.49412707243823,4,0.32148265013563276,0
312.43499201697546,1,1.8235659317442863,0
7145.016839985896,19,1726.5966230281342,1
513.5036962820218,4,20.71042688225587,0
255.83127000579555,4,8.787888755452666,0
244.65028483593812,3,19.748453956678414,0
167.80781329680173,1,3.5797813280703106,1
320.5491257028337,1,0.6057322178781008,0
1026.4764129674782,4,25.455206319712303,0
636.3782979252622,2,6.2579893063476675,0
422.93728062764797,2,0.7163502844895132,0
626.4815478111042,3,7.815391457141175,0
387.25508943920505,1,9.835555820775436,0
357.1297163947264,4,7.490543769327964,0
614.1197337186319,3,1.7636835997261835,0
174.49151242336745,2,0.24670146619977681,0
344.43666248182495,3,8.641737171109364,0
438.1655753062721,4,0.322466443437917,0
440.1985299068265,2,3.094629674196398,0
673.921184021132,4,4.79946988104977,0
471.5241029957413,2,1.0180825013378585,0
800.4714104192055,3,9.765879262842791,0
310.1202222336114,1,2.56897347427876,0
359.97583701216536,3,3.404255841155766,0
234.3627902203139,3,0.05546280010766931,0
369.8714861756346,2,12.082698923069854,0
608.672038475987,4,1.7924204741859722,0
991.0600279821788,1,8.257428550377401,1
492.8347921780097,4,2.8777374668244695,0
789.3955768707466,4,3.2393728196891165,0
566.7324210573896,2,0.5715900958138311,0
619.0314050873827,2,6.561892815365702,0
492.47305951503034,3,2.4550068131504075,0
631.3107217267659,3,20.889632975084726,0
657.4169207484904,3,0.22066723058793036,0
470.58852369957225,4,9.506177471315553,0
733.5564123319615,1,2.8143452104728715,0
624.3619924434392,2,7.904511335870843,0
737.6786546896168,1,4.407813802699802,0
651.501542009461,2,0.9611409522956076,0
455.30744293482985,1,24.024177204430693,0
13351.773663922819,18,706.9088757901371,1
729.8546652571351,2,3.9156284187648724,0
433.0997528318103,2,0.46386935801280865,0
912.1495849763974,2,5.511896858173445,0
649.4587210246524,3,7.496431991292298,0
550.8841686602426,3,1.9059111005669158,0
691.8541652170413,1,20.995078624649754,0
603.8693028482345,4,7.715400534056185,0
377.44226190312276,3,13.24146297271714,0
482.1759920974423,2,3.4081927704243213,0
642.1919936406982,3,0.7692194749305026,0
858.9115727035576,1,0.6557892212615534,0
718.3013703844923,4,5.588465205528075,0
876.4048992950068,4,0.007831656240208741,0
328.5684887167435,4,0.046877160822280786,1
575.4423750129042,1,0.021864082458732063,0
707.5079888515799,3,2.0689532170251543,0
850.9588363968729,1,3.323670411344603,0
7742.566698032257,30,1402.1622320614642,1
515.4736615295236,2,9.996265959284822,0
859.1755346191044,2,8.13502515578358,0
415.96263658082853,2,0.0720936486900576,1
361.41808094786916,3,1.517063656781916,0
19548.897880177865,24,1421.2999429267481,1
627.7184917554748,2,4.497433200381701,0
534.9155625663678,2,1.5397397477679515,0
530.0787572952415,4,7.471889591691858,0
511.14498245773893,4,5.801213827223802,0
578.8904284756594,4,2.92936261960972,0
519.3991929985436,3,1.5065917327534437,0
218.50724512468895,3,0.9062578881090823,0
624.1344195101356,3,3.105766397295583,0
5600.886785760417,26,1271.3831014283746,1
523.4654766617564,4,0.17095762468974915,0
602.8877668117498,3,5.310811942673517,0
1005.3864851747244,3,4.901265265759135,0
713.0960750130703,4,8.159368813932607,0
335.5559208867137,4,6.4153380593693035,0
519.9302730175283,2,6.893083141025072,0
565.750221931937,3,3.5894736616271414,0
877.237180242106,4,7.2275189961185795,0
195.36261904324505,2,5.008043337026638,0
316.26961070316037,4,6.744533017740471,0
387.9637919606061,1,2.9868204943252854,0
387.54249415180544,3,0.7672093061679247,0
536.9267717064608,1,10.89851540550276,1
622.1171490567647,2,4.4425452346212495,1
14409.93402636017,17,1702.22922246013,1
399.3048691767602,3,8.350447669219385,0
435.58769675886487,1,2.893782704616665,0
569.5163410723342,4,20.679947980001412,0
521.2860455383793,4,5.2819561062585505,0
625.1334695530013,3,3.09537259333188,1
448.081729727279,3,2.246457986449028,0
582.5862908551248,1,0.6095325317064895,0
388.2156305456823,1,6.084565713175621,0
330.641256386319,3,1.1410043063078188,1
854.160127127102,2,12.009520086993215,0
548.7601427542397,4,5.166218987260125,0
573.7346617745802,2,3.5782845640222263,0
480.16482724412344,4,2.8345918753627455,0
562.2500309087072,1,0.1687630960528036,1
737.8033062215104,1,0.3998831236978604,0
252.6098578243836,4,8.462655938873603,1
728.7508086413858,3,0.754254552689986,0
316.11515315323936,1,1.2719819393547196,1
345.2421601792854,1,10.366205011494582,0
274.18964575655417,1,2.31949091486295,1
666.0671633088491,1,3.634270946622103,0
625.9257683847225,3,1.5869258782709739,1
8948.710197770168,21,342.09092530379996,1
408.1278200919512,2,1.6472671395570604,0
514.6635934376808,1,0.41788647782379895,0
600.1834375248761,4,3.8902418548362765,0
496.71542078544957,2,2.983277059530509,0
505.6636752260922,1,15.623188325989673,0
538.8179985796615,2,2.3685970527975804,0
406.1051228130096,1,3.0790831104569314,0
235.90867738314472,1,9.879733695998477,1
576.8130897878615,2,8.619669529794812,0
13953.660358199842,46,1827.847594988943,1
157.9663214686749,3,0.6172771174893266,0
377.69643940161035,4,2.1330124775855044,0
416.94241721983974,4,17.794994496157955,0
379.2029626568359,1,10.558951853774708,0
544.8184963620834,2,3.6634526676202146,0
388.9045761679491,1,3.6967577469438058,1
962.9317133347017,1,0.48801254494928015,0
307.0153078839791,4,0.06343834561467812,0
194.89496581505222,2,2.2999272627958507,0
288.45781420881997,4,2.2924259169146763,0
444.9896605696712,2,9.07128706056416,0
204.2956019265145,2,0.7373385866694464,0
493.0023019006077,1,16.62518985949888,0
555.8043051540678,1,7.777885788656754,0
177.45682576206968,1,5.140659982373224,0
493.3746054252406,3,5.218028092377419,0
359.3647149748225,4,1.2922330272947287,0
471.1279176152115,4,4.304278785462037,0
926.6066749312533,1,6.5375680065751895,0
456.4637593545559,3,2.647457109592807,0
269.80128451553946,2,4.889445714095118,0
692.6752258488643,4,6.472769270301935,0
260.7586751838659,4,2.357129482107963,0
793.1297537843109,1,0.32158231899763545,0
202.8879253926056,2,5.896928328555539,0
892.9450265832779,1,19.341212082974454,0
514.8189560839551,3,8.548046073055023,0
230.36291557885738,3,15.608612740704872,0
284.4510444141388,2,4.11240946550342,0
534.6361851702364,3,7.6575668744699374,0
382.1270486111577,3,0.3572545375426614,0
402.11211149635557,4,5.7382336476219,0
219.62978744154384,2,8.015147244221799,0
1044.0338333179238,4,0.8721933524456189,0
572.2791211016828,2,1.8946531280202563,0
747.5632623946924,3,7.881499229619774,0
224.13615439709457,2,4.62530912905048,0
18111.076599577777,41,761.3829843747054,1
427.2775575572288,3,3.0672735222690766,0
387.50664482114644,2,0.7000608453811547,0
718.8383036941897,4,0.607944307284065,0
602.6534866226713,3,0.21283059708177177,0
650.2774246743578,1,0.0624080423751401,0
413.1007545135369,4,11.178849196435586,0
477.534390061834,2,1.965983484598051,0
924.4312394025267,2,2.734406549742989,0
278.73300519879433,4,3.2314909664580886,1
297.43377593311527,4,0.6470420301200468,0
567.5205324150404,4,2.851073449415669,0
353.81399201161616,4,2.214387143033421,1
406.85404928594863,2,0.2975854071221184,0
629.7419775179285,3,4.965287867379612,0
359.13126189144816,2,1.2288157461212414,0
10.0,4,2.248930472744652,0
7560.6254496872025,30,582.4050989518514,1
514.3132474438785,4,0.03846776135200151,0
817.2033632290704,3,3.43047207298425,0
773.3748534889049,1,5.923311842148193,1
833.8043050578785,1,5.676432558498414,0
515.1609116387452,1,0.8199343186071815,0
463.0195727114022,3,5.652382615793508,0
539.3109553023149,3,5.8193079906682925,0
561.4599041753219,4,11.835862371081546,0
622.074053086693,1,0.3380021938096258,0
399.5891551294778,3,1.7694812450163242,1
263.348297466845,2,11.048118028677141,0
776.4317982075054,1,0.718360974536481,0
580.3423444197883,4,0.8998597170870082,0
488.09492878763996,1,1.0196236897517545,0
511.84368680289765,1,0.05887836307241012,0
422.45968801280316,2,2.596832420887668,0
178.71073594848548,1,7.26355512373689,0
591.8360158456874,1,7.173185146084777,0
341.49585231345986,1,3.6414791660759405,0
497.55064543061707,2,2.150118883764553,1
622.3352577681736,4,0.5811872709759626,0
658.2063894086093,2,3.7783281384323617,0
358.4661068762439,3,9.156732559190154,0
57.77293819842299,3,1.4677736194256954,0
932.650944661092,1,1.9009619755987486,0
561.5603537784118,1,11.517086346607716,0
220.28648523617176,4,9.771686477564147,0
255.57443822161093,3,5.830255353370436,0
630.2782502611597,3,2.4840029972796573,0
11449.778211815896,47,1240.204002849359,1
446.02501294132577,3,4.243728712956564,0
367.47524821083067,1,4.56096425207786,0
389.2701389305636,4,9.208349225171542,0
501.02269132849216,4,1.7586899061504941,0
696.5381967891028,1,7.175360691532479,0
711.4244452437831,2,0.0609741512438881,0
560.3094684667225,2,1.1513900947795177,0
396.47774019276574,2,10.975792178331531,0
364.56765769757766,1,1.2765063757044115,0
7626.847101955298,20,1488.88995183586,1
242.00782005178922,2,2.190752193682152,0
930.6364915023113,3,7.392321860913893,0
18626.51827819063,30,1102.7323286302994,1
662.7019272001277,4,0.11032524677500766,1
876.231413888118,1,16.913964705202705,0
17676.81277244052,10,1934.0485768028682,1
530.0603522923756,1,7.057314520714552,0
549.6441172600672,3,4.7180536256995795,0
391.12345509496345,3,4.775410383099368,0
6406.647893855247,20,311.2552292406007,1
502.518480156359,1,1.1463191739354421,0
369.3341534852576,2,4.559318902293804,0
626.5863635511022,2,2.5781296560804385,0
522.7034690502496,2,0.42017821036661684,0
441.66125004134466,3,0.7003946293017256,0
503.68678661307865,3,8.76386775688192,0
403.1531854267497,3,0.6297223224301701,0
407.8722458080425,1,1.2116437803844688,1
572.3272050095268,4,15.5427903151115,0
555.3381598660038,2,4.1622990373407776,0
457.2022311548982,1,0.4638928619745787,0
795.5788089483033,1,4.758729320554361,0
579.8272228704142,2,0.15722522362918268,0
509.1143679807628,4,8.716258444056155,0
247.82320913299097,2,13.523778022021578,0
512.0460419882053,1,7.331520216520101,0
319.1366749791183,4,5.51016089756706,0
405.6136268421133,2,0.3352608925534093,0
526.1481154572183,1,1.7742799503994653,0
411.14134798477767,3,1.7370812851832371,0
664.3805008750447,3,0.19592058371878027,0
504.20076832655184,4,16.537774897341833,0
235.95335859587158,3,5.033572589166379,0
384.64573388633346,1,0.597186712405471,0
1012.016907653759,2,0.20129583182880106,0
485.11331417999077,2,0.8055171260730478,0
328.3284439637573,1,4.212615601905684,0
559.3969346466372,4,12.56199771637116,0
542.8187488260407,4,1.0414270031672503,0
257.79676004750866,2,0.4113088016205121,0
458.37554992854496,4,5.349470503079719,0
600.8093031035689,4,2.992376739601061,0
275.45559568754027,1,2.6173851741266763,0
463.2033327294642,2,4.618375603423861,0
350.30269268868926,2,8.13809942226804,0
691.0284641002477,1,0.7655926703041758,0
196.8511770005536,2,1.3223304586627975,0
207.2970103735763,2,15.675132431098946,0
181.1144682411266,3,1.9045577239785516,1
869.791218989069,1,0.6423406851299852,0
580.8101713629077,4,5.398502050167564,0
573.3196492193697,4,0.954359594706478,0
346.53048742239014,3,0.13771639318440762,0
769.0840092309955,1,5.058523425335606,0
677.9261591246874,4,1.7790593565488702,0
727.1131280361197,4,10.86637839731507,0
612.1569052736469,2,15.859183597798928,0
131.82515373367096,3,1.8000686241447332,1
8572.199804985445,38,1004.0861490653366,0
251.0690593377166,1,3.401614623279765,0
694.314190190871,3,10.682293120440278,0
375.3718947150471,3,15.518281170343428,0
649.2507132054441,2,1.4172808654574776,0
645.1533247797383,3,4.681258338158763,0
617.6634412969153,1,4.710930064584235,0
526.5939348293753,3,5.808068223299942,0
359.5893812245295,1,0.3740721481731317,0
804.6059712816051,2,4.832501422528819,0
544.7768048558263,3,8.680404969388556,0
327.7431597343473,2,3.955434494928822,0
414.623786010516,2,0.6449941183205865,1
457.31056965763054,4,9.484779041173425,0
302.8547907328913,2,2.1381043077802806,0
493.4493459568003,2,4.089499198641233,0
484.5796581171792,1,3.55004825034203,0
380.12147091119556,1,0.5573048725830221,0
393.80060899963644,2,0.3753231686622788,0
799.2088622978366,2,24.68007870989055,0
835.2874624550566,4,6.80496413178296,0
450.2071703041853,1,0.9073389785331738,0
581.6505511428944,3,2.080510688152398,0
323.22851275977337,3,0.02621667917122488,0
495.17498257799934,2,1.7480760959518882,0
635.9195497869351,4,5.64228528911877,0
292.9515355161252,3,2.172216857034855,0
636.3001394745249,2,4.2610539792233135,0
665.0832697976059,4,11.504599685044134,0
617.3714187600541,3,1.732364643188236,0
431.4570966946461,4,1.0240357755499983,0
504.9020348517885,4,10.223400900512182,0
612.5938473381142,2,1.7280973395914967,0
626.556373221257,1,2.01245024322056,1
185.95505602190872,2,1.6132144989567132,0
402.4787551855013,3,4.605554539085551,0
370.68542315149466,1,11.886275460975453,1
571.5574720696567,2,1.1312453432593608,0
261.7393005594703,3,3.937585120961023,0
322.09711407489533,3,3.9070207247689748,0
576.0395702011926,4,9.958894376326063,0
541.5375374326222,3,4.305214805867751,0
809.986881003508,4,2.3274055470633983,0
536.9672247389748,4,4.8829374190340396,0
641.5503870910951,2,10.199918115913103,0
469.64298099288334,1,0.8652721538019974,0
250.8522442576024,1,2.1955068526149537,0
94.97148266847859,4,2.0341175418012742,0
252.4369002346302,1,2.8710525207056565,1
594.2831112772808,2,0.2576561474802323,1
243.93912026582115,4,2.231829793538785,0
228.02877180401617,1,0.019136185981980285,0
197.0305550628271,2,4.049359561738078,0
11994.491194097282,49,1047.7284543825203,0
488.6108752557865,1,1.707135864146678,0
594.6475249147089,2,2.5665962836070966,0
404.25027566730455,3,2.9739269933421237,0
546.8429465073042,4,5.372631236659405,0
733.8591180891345,3,1.6722899833187106,0
360.0548984014829,1,0.6748892859051263,0
770.7744748330826,1,0.8596080579465919,0
386.7404540794456,2,4.366427510224252,1
790.6768954235401,4,5.647749272183766,0
545.4919869208259,2,1.3767436213709323,0
335.8635363296579,4,0.7062557007634263,0
505.95122789914905,3,1.1186843585222508,1
496.19675841946224,4,3.9420373715189623,0
662.5051644788396,3,2.508307700792891,0
147.3919689274532,4,18.62227511571439,0
478.2479703086285,1,1.4962154537418513,0
731.6221747000136,2,4.165843710739791,0
551.9765588496847,3,5.189620405381139,0
332.0556315638448,1,3.44390869524446,0
636.3905942589928,1,4.10681430140426,0
340.3405510923093,4,19.31166983988161,1
439.77926088214224,2,7.14162340857189,0
92.15356444797987,3,0.4136840009027475,0
318.12250904105224,3,0.2142829365455452,0
739.0093257849685,1,2.4522465688125656,0
488.88306581790897,2,1.6060669152345084,0
7317.3830600738875,15,1552.118846517277,1
334.9005606414977,3,4.1188174255839725,0
735.8594368127654,3,2.704371135146974,0
315.3533507778192,1,0.7494462875107238,0
498.40547173667653,2,2.9624886169196856,0
665.8811162366978,4,0.3678678924806502,0
318.3951848957578,2,0.5326160177578074,0
477.09203094947645,1,5.95197892248194,0
616.7856370651928,2,8.147144729977397,0
417.62460677550655,4,7.43343962333363,0
394.8489956638478,3,8.632757253150999,0
548.3924543132068,3,5.9377950675007565,0
507.0527103943457,4,5.027551885048863,0
295.75343657385736,4,0.5566968910601795,0
853.0908480562193,4,6.652654534548504,0
548.6678898645383,1,7.295779858065249,0
875.2341678431773,4,1.1393137155670654,0
656.3645743554621,3,1.683708889395092,0
710.728359321568,4,3.3559288548973756,0
312.02404273452896,1,6.224217408676418,1
503.68367583791036,3,4.589598621665501,0
839.2912736580076,4,3.5205868473535102,1
384.6192688675194,2,1.6923368344452694,0
167.69598754620802,2,11.142144452215279,0
453.1693250553328,1,5.2519841966230985,0
706.3689078937269,4,6.4134020877255224,0
522.1845179419732,3,1.8282441654349264,0
345.43495709248566,1,0.016117266761173126,1
286.4759141234811,4,1.128331581573379,0
553.4100531738518,1,0.7218647779765466,0
429.6973031917383,3,15.032050656159715,0
83.6141184232556,2,0.13961481211462656,0
453.1726086101639,3,0.8245197577722321,0
695.1090254244718,1,0.8128809185896223,0
218.49766105643573,2,8.006861151346733,0
259.9407185888448,4,2.8459770860961657,0
566.4628023959183,4,10.703027201711366,0
304.8253494045334,2,4.920631028910057,1
411.99110266060325,3,3.649872968592603,0
283.7886919183475,4,2.6177327012433342,0
509.7043255889654,3,16.458624862181985,0
781.869488037116,1,1.1830754561812427,1
1014.6719606499721,2,0.766555051037578,0
12308.980311500762,31,1556.9625488778433,0
807.6073132931938,2,5.825919673405102,0
367.6427070463224,4,6.149546920103921,0
139.0235798670962,2,6.797156114135131,0
419.75590562283276,2,7.068358739082581,0
731.7191158014808,4,0.9005090057537746,0
694.510889925346,4,0.6666331477601193,0
711.6848973699175,1,3.7475255732925157,0
328.78323481822656,4,0.02760505968654886,0
607.7820087369317,1,18.818085801761693,0
372.4520031497368,1,14.752649925309992,0
582.5561853872997,2,8.512848903479231,1
502.78585838258925,1,2.741203428218688,0
446.2222618890339,2,0.3437708089506855,0
17413.295784110705,33,212.38033199536878,0
551.9445003442963,3,9.561637658070381,0
611.958089586208,4,2.352658106401821,1
451.934920368373,2,0.9127691290240819,0
709.8018451673779,1,2.2674534327944587,0
653.4869458305818,1,7.587977466119651,0
602.7571901824417,4,28.04373115354528,1
630.8731312708115,1,0.7048758295799078,0
850.4540886847245,2,12.422647754965885,0
454.8447399026929,1,3.5608562621731843,0
603.0095372612096,1,2.2967788413439005,0
695.0239466835502,4,1.444858927806849,0
409.98690570415124,2,20.528485611408694,1
773.7263115064698,1,0.885078722413422,0
623.1871213888528,1,5.189783790103037,0
676.3279513898901,4,0.5882309894213232,0
410.69700958659575,4,6.6038684128406775,0
384.8724347524452,2,1.1239251629289253,0
299.1718466495864,1,0.7707134085511085,0
348.1734676892604,2,2.3935673098359214,0
116.24575694019171,2,17.188275014186715,1
555.993725263964,3,2.509131824182375,0
468.8645529215841,4,3.6433158815578937,0
379.95662456824107,2,3.0641707324122747,0
159.32351212896907,2,1.8869407530569824,0
466.5763839366291,2,0.27931879862958187,0
330.03112610704164,2,1.159613492746251,0
333.52888537915425,4,6.139389288918249,0
434.7952935664318,4,1.3553275985830637,0
605.9608355830566,2,8.900345771633697,0
405.01093776780874,1,1.246231109903065,0
425.7118268008417,1,2.9567406445783764,0
804.6248154539314,2,2.3934102822378924,0
438.09071213720193,3,2.082156335553708,0
12291.957278223861,48,366.2489506004813,1
249.7772847229394,3,2.635019740558731,1
705.8311274651287,2,0.837036899559433,0
989.1503959233653,3,2.646824387031414,0
478.5939280090884,3,4.850153076744655,0
875.3591625116132,2,3.5404101485987303,0
721.7407161165816,3,0.7708631748212545,0
304.3254444769936,4,2.434828616049801,0
223.9797083570217,3,6.193559716560313,0
713.3349379178308,1,3.432798854498613,0
239.10609989902935,4,8.80855497633712,0
10510.860930456056,39,1530.3205566908705,0
16965.98395022321,32,1792.7392118528078,0
8273.113018282584,18,1982.1959229563583,1
664.0964362394728,4,7.465972538187141,0
522.845529732408,2,0.1181453854060028,0
315.5669351644749,2,0.4556050505828779,0
588.0028900106665,1,6.062386014385437,0
576.4819492368101,3,2.6137023652531557,0
